/*M!999999\- enable the sandbox mode */ 
-- MariaDB dump 10.19  Distrib 10.6.22-MariaDB, for debian-linux-gnu (x86_64)
--
-- Host: localhost    Database: dbgmp
-- ------------------------------------------------------
-- Server version	10.6.22-MariaDB-0ubuntu0.22.04.1

/*!40101 SET @OLD_CHARACTER_SET_CLIENT=@@CHARACTER_SET_CLIENT */;
/*!40101 SET @OLD_CHARACTER_SET_RESULTS=@@CHARACTER_SET_RESULTS */;
/*!40101 SET @OLD_COLLATION_CONNECTION=@@COLLATION_CONNECTION */;
/*!40101 SET NAMES utf8mb4 */;
/*!40103 SET @OLD_TIME_ZONE=@@TIME_ZONE */;
/*!40103 SET TIME_ZONE='+00:00' */;
/*!40014 SET @OLD_UNIQUE_CHECKS=@@UNIQUE_CHECKS, UNIQUE_CHECKS=0 */;
/*!40014 SET @OLD_FOREIGN_KEY_CHECKS=@@FOREIGN_KEY_CHECKS, FOREIGN_KEY_CHECKS=0 */;
/*!40101 SET @OLD_SQL_MODE=@@SQL_MODE, SQL_MODE='NO_AUTO_VALUE_ON_ZERO' */;
/*!40111 SET @OLD_SQL_NOTES=@@SQL_NOTES, SQL_NOTES=0 */;

--
-- Table structure for table `best_poin`
--

DROP TABLE IF EXISTS `best_poin`;
/*!40101 SET @saved_cs_client     = @@character_set_client */;
/*!40101 SET character_set_client = utf8mb4 */;
CREATE TABLE `best_poin` (
  `id_turnamen` varchar(6) NOT NULL,
  `id_pemain` varchar(7) NOT NULL,
  `poin_terbaik` decimal(10,0) DEFAULT NULL,
  PRIMARY KEY (`id_turnamen`,`id_pemain`)
) ENGINE=InnoDB DEFAULT CHARSET=latin1 COLLATE=latin1_swedish_ci;
/*!40101 SET character_set_client = @saved_cs_client */;

--
-- Dumping data for table `best_poin`
--

LOCK TABLES `best_poin` WRITE;
/*!40000 ALTER TABLE `best_poin` DISABLE KEYS */;
INSERT INTO `best_poin` VALUES ('202501','2023001',350),('202501','2023002',50),('202501','2023004',183),('202501','2023005',625),('202501','2023007',100),('202501','2023008',400),('202501','2023009',317),('202501','2023010',300),('202501','2023011',225),('202501','2023012',500),('202501','2023013',75),('202501','2023014',900),('202501','2023015',133),('202501','2023017',50),('202502','2023001',400),('202502','2023002',50),('202502','2023004',275),('202502','2023006',750),('202502','2023008',350),('202502','2023010',75),('202502','2023012',250),('202502','2023014',900),('202502','2023019',75),('202503','2023001',300),('202503','2023002',75),('202503','2023004',517),('202503','2023006',675),('202503','2023011',250),('202503','2023012',450),('202503','2023013',117),('202503','2023014',900),('202503','2023015',250),('202503','2023016',225),('202503','2023019',83),('202503','2023020',67),('202503','2023021',17),('202503','2023022',75),('202504','2023001',175),('202504','2023004',975),('202504','2023005',1083),('202504','2023006',300),('202504','2023007',100),('202504','2023008',750),('202504','2023010',700),('202504','2023011',400),('202504','2023012',550),('202504','2023013',50),('202504','2023016',300),('202504','2023019',133),('202504','2023020',125),('202504','2023021',50),('202504','2023023',50),('202504','2023024',200),('202505','2023001',450),('202505','2023004',750),('202505','2023006',650),('202505','2023008',775),('202505','2023010',250),('202505','2023011',250),('202505','2023012',200),('202505','2023014',1100),('202505','2023015',450),('202505','2023016',200),('202505','2023020',50),('202505','2023022',75),('202505','2023023',100),('202506','2023001',100),('202506','2023004',900),('202506','2023006',350),('202506','2023008',750),('202506','2023010',225),('202506','2023011',275),('202506','2023012',500),('202506','2023014',425),('202506','2023016',75),('202506','2023022',125),('202506','2023023',50),('202506','2023024',225);
/*!40000 ALTER TABLE `best_poin` ENABLE KEYS */;
UNLOCK TABLES;

--
-- Table structure for table `daftar`
--

DROP TABLE IF EXISTS `daftar`;
/*!40101 SET @saved_cs_client     = @@character_set_client */;
/*!40101 SET character_set_client = utf8mb4 */;
CREATE TABLE `daftar` (
  `id_pemain` varchar(7) NOT NULL,
  `id_turnamen` varchar(6) NOT NULL,
  `ranking_sebelum` int(11) DEFAULT NULL,
  `pool` varchar(2) DEFAULT NULL,
  `tgl_daftar` datetime NOT NULL,
  UNIQUE KEY `daftar_idx` (`id_pemain`,`id_turnamen`) USING BTREE
) ENGINE=InnoDB DEFAULT CHARSET=latin1 COLLATE=latin1_swedish_ci PACK_KEYS=0;
/*!40101 SET character_set_client = @saved_cs_client */;

--
-- Dumping data for table `daftar`
--

LOCK TABLES `daftar` WRITE;
/*!40000 ALTER TABLE `daftar` DISABLE KEYS */;
INSERT INTO `daftar` VALUES ('2023001','202503',5,'A','2025-05-02 16:30:41'),('2023001','202504',4,'C','2025-05-19 13:49:19'),('2023001','202505',7,'A','2025-06-06 18:53:06'),('2023001','202506',7,'A','2025-07-09 19:11:02'),('2023002','202503',13,'A','2025-05-01 16:54:51'),('2023004','202503',7,'B','2025-05-01 21:18:09'),('2023004','202504',5,'A','2025-05-19 17:00:55'),('2023004','202505',2,'A','2025-06-18 22:28:15'),('2023004','202506',2,'A','2025-07-23 21:14:43'),('2023005','202504',7,'B','2025-05-19 13:51:10'),('2023006','202503',3,'B','2025-05-01 21:19:17'),('2023006','202504',2,'D','2025-05-21 08:31:55'),('2023006','202505',4,'B','2025-06-18 21:12:46'),('2023006','202506',3,'A','2025-07-25 17:58:22'),('2023007','202504',16,'C','2025-05-21 10:06:27'),('2023008','202504',6,'D','2025-05-19 14:01:56'),('2023008','202505',6,'B','2025-06-20 16:49:35'),('2023008','202506',4,'B','2025-07-25 07:45:34'),('2023010','202504',10,'D','2025-05-19 14:09:59'),('2023010','202505',8,'C','2025-06-13 23:15:14'),('2023010','202506',8,'C','2025-07-25 06:56:30'),('2023011','202503',10,'D','2025-05-01 16:46:04'),('2023011','202504',8,'C','2025-05-19 20:26:28'),('2023011','202505',9,'B','2025-06-16 11:22:20'),('2023011','202506',9,'B','2025-07-25 07:40:07'),('2023012','202503',4,'C','2025-05-01 21:17:37'),('2023012','202504',3,'X','2025-05-19 17:10:44'),('2023012','202505',3,'A','2025-06-18 22:59:01'),('2023012','202506',5,'A','2025-07-25 15:37:16'),('2023013','202503',14,'D','2025-05-02 07:43:28'),('2023013','202504',13,'A','2025-05-19 14:55:54'),('2023014','202503',1,'A','2025-05-02 07:48:09'),('2023014','202505',1,'A','2025-06-13 21:54:27'),('2023014','202506',1,'A','2025-07-25 16:33:13'),('2023015','202503',11,'B','2025-05-01 21:15:09'),('2023015','202505',11,'C','2025-06-18 22:01:07'),('2023016','202503',99,'X','2025-05-02 21:00:27'),('2023016','202504',12,'C','2025-05-19 14:09:20'),('2023016','202505',10,'D','2025-06-06 19:26:34'),('2023016','202506',11,'C','2025-07-25 06:17:43'),('2023019','202503',15,'B','2025-05-02 17:34:48'),('2023019','202504',15,'B','2025-05-23 16:07:18'),('2023020','202504',18,'D','2025-05-19 17:10:44'),('2023020','202505',17,'B','2025-06-19 09:43:20'),('2023021','202504',20,'C','2025-05-21 21:36:05'),('2023022','202503',99,'X','2025-05-02 20:59:33'),('2023022','202504',17,'A','2025-05-20 18:09:45'),('2023022','202505',19,'B','2025-06-19 11:44:26'),('2023022','202506',19,'B','2025-07-25 08:42:06'),('2023023','202504',99,'X','2025-05-20 06:14:15'),('2023023','202505',22,'C','2025-06-18 21:11:57'),('2023023','202506',20,'C','2025-07-25 18:53:31'),('2023024','202504',99,'X','2025-05-21 21:34:36'),('2023024','202506',16,'C','2025-07-25 07:02:12');
/*!40000 ALTER TABLE `daftar` ENABLE KEYS */;
UNLOCK TABLES;

--
-- Table structure for table `head_to_head`
--

DROP TABLE IF EXISTS `head_to_head`;
/*!40101 SET @saved_cs_client     = @@character_set_client */;
/*!40101 SET character_set_client = utf8mb4 */;
CREATE TABLE `head_to_head` (
  `id_head_to_head` int(11) NOT NULL AUTO_INCREMENT,
  `id_turnamen` varchar(6) DEFAULT NULL,
  `id_pemain` varchar(7) NOT NULL,
  `id_lawan` varchar(7) NOT NULL,
  `jumlah_menang` int(11) DEFAULT 0,
  `jumlah_kalah` int(11) DEFAULT 0,
  PRIMARY KEY (`id_head_to_head`),
  KEY `id_pemain` (`id_pemain`),
  KEY `lawan_pemain` (`id_lawan`)
) ENGINE=InnoDB AUTO_INCREMENT=75 DEFAULT CHARSET=latin1 COLLATE=latin1_swedish_ci;
/*!40101 SET character_set_client = @saved_cs_client */;

--
-- Dumping data for table `head_to_head`
--

LOCK TABLES `head_to_head` WRITE;
/*!40000 ALTER TABLE `head_to_head` DISABLE KEYS */;
INSERT INTO `head_to_head` VALUES (1,'202501','2023009','2023012',0,1),(2,'202501','2023012','2023009',1,0),(3,'202501','2023005','2023010',1,0),(4,'202501','2023010','2023005',0,1),(5,'202501','2023001','2023008',0,1),(6,'202501','2023008','2023001',1,0),(7,'202501','2023011','2023014',0,1),(8,'202501','2023014','2023011',1,0),(9,'202501','2023005','2023014',0,2),(10,'202501','2023014','2023005',2,0),(11,'202501','2023004','2023007',1,0),(12,'202501','2023007','2023004',0,1),(13,'202501','2023004','2023008',0,1),(14,'202501','2023008','2023004',1,0),(15,'202501','2023004','2023009',1,0),(16,'202501','2023009','2023004',0,1),(17,'202501','2023007','2023008',0,1),(18,'202501','2023008','2023007',1,0),(19,'202501','2023007','2023009',0,1),(20,'202501','2023009','2023007',1,0),(21,'202501','2023008','2023009',0,1),(22,'202501','2023009','2023008',1,0),(23,'202501','2023010','2023011',1,0),(24,'202501','2023011','2023010',0,1),(25,'202501','2023002','2023011',0,1),(26,'202501','2023011','2023002',1,0),(27,'202501','2023002','2023010',0,1),(28,'202501','2023010','2023002',1,0),(29,'202501','2023001','2023012',1,0),(30,'202501','2023012','2023001',0,1),(31,'202501','2023001','2023013',1,0),(32,'202501','2023013','2023001',0,1),(33,'202501','2023012','2023013',1,0),(34,'202501','2023013','2023012',0,1),(35,'202501','2023015','2023017',1,0),(36,'202501','2023017','2023015',0,1),(37,'202501','2023014','2023015',1,0),(38,'202501','2023015','2023014',0,1),(39,'202501','2023005','2023015',1,0),(40,'202501','2023015','2023005',0,1),(41,'202501','2023014','2023017',1,0),(42,'202501','2023017','2023014',0,1),(43,'202501','2023005','2023017',1,0),(44,'202501','2023017','2023005',0,1),(45,'202501','2023005','2023012',1,0),(46,'202501','2023012','2023005',0,1),(47,'202501','2023008','2023014',0,1),(48,'202501','2023014','2023008',1,0),(49,'202502','2023012','2023014',0,1),(50,'202502','2023014','2023012',1,0),(51,'202502','2023001','2023008',1,0),(52,'202502','2023008','2023001',0,1),(53,'202502','2023004','2023006',0,1),(54,'202502','2023006','2023004',1,0),(55,'202502','2023006','2023014',0,1),(56,'202502','2023014','2023006',1,0),(57,'202502','2023001','2023014',0,2),(58,'202502','2023014','2023001',2,0),(59,'202502','2023001','2023002',1,0),(60,'202502','2023002','2023001',0,1),(61,'202502','2023002','2023014',0,1),(62,'202502','2023014','2023002',1,0),(63,'202502','2023004','2023008',0,1),(64,'202502','2023008','2023004',1,0),(65,'202502','2023004','2023019',1,0),(66,'202502','2023019','2023004',0,1),(67,'202502','2023008','2023019',1,0),(68,'202502','2023019','2023008',0,1),(69,'202502','2023010','2023012',0,1),(70,'202502','2023012','2023010',1,0),(71,'202502','2023006','2023010',1,0),(72,'202502','2023010','2023006',0,1),(73,'202502','2023006','2023012',1,0),(74,'202502','2023012','2023006',0,1);
/*!40000 ALTER TABLE `head_to_head` ENABLE KEYS */;
UNLOCK TABLES;

--
-- Table structure for table `jadwal`
--

DROP TABLE IF EXISTS `jadwal`;
/*!40101 SET @saved_cs_client     = @@character_set_client */;
/*!40101 SET character_set_client = utf8mb4 */;
CREATE TABLE `jadwal` (
  `hari` varchar(20) DEFAULT NULL,
  `mulai` time DEFAULT '18:00:00',
  `selesai` time DEFAULT '23:59:59'
) ENGINE=InnoDB DEFAULT CHARSET=latin1 COLLATE=latin1_swedish_ci PACK_KEYS=0;
/*!40101 SET character_set_client = @saved_cs_client */;

--
-- Dumping data for table `jadwal`
--

LOCK TABLES `jadwal` WRITE;
/*!40000 ALTER TABLE `jadwal` DISABLE KEYS */;
INSERT INTO `jadwal` VALUES ('Senin','18:00:00','23:59:59'),('Rabu','17:00:00','23:59:59'),('Jumat','18:00:00','23:59:59'),('Kamis','05:00:00','23:59:59'),('Minggu','09:00:00','23:59:59');
/*!40000 ALTER TABLE `jadwal` ENABLE KEYS */;
UNLOCK TABLES;

--
-- Table structure for table `master_poin`
--

DROP TABLE IF EXISTS `master_poin`;
/*!40101 SET @saved_cs_client     = @@character_set_client */;
/*!40101 SET character_set_client = utf8mb4 */;
CREATE TABLE `master_poin` (
  `babak` varchar(10) NOT NULL,
  `keterangan_babak` varchar(100) DEFAULT NULL,
  `poin` int(11) DEFAULT NULL,
  PRIMARY KEY (`babak`)
) ENGINE=InnoDB DEFAULT CHARSET=latin1 COLLATE=latin1_swedish_ci;
/*!40101 SET character_set_client = @saved_cs_client */;

--
-- Dumping data for table `master_poin`
--

LOCK TABLES `master_poin` WRITE;
/*!40000 ALTER TABLE `master_poin` DISABLE KEYS */;
INSERT INTO `master_poin` VALUES ('16B','Enam Belas Besar',200),('8B','Delapan Besar',200),('F','Final',300),('PG','Penyisihan Grup',200),('SF','Semi Final',200);
/*!40000 ALTER TABLE `master_poin` ENABLE KEYS */;
UNLOCK TABLES;

--
-- Table structure for table `pemain`
--

DROP TABLE IF EXISTS `pemain`;
/*!40101 SET @saved_cs_client     = @@character_set_client */;
/*!40101 SET character_set_client = utf8mb4 */;
CREATE TABLE `pemain` (
  `id_pemain` varchar(7) NOT NULL,
  `nama_pemain` varchar(100) NOT NULL,
  `tempat_lahir` varchar(100) DEFAULT NULL,
  `tgl_lahir` date DEFAULT NULL,
  `instansi` varchar(100) DEFAULT NULL,
  `pegangan` varchar(100) DEFAULT 'Shakehand',
  `tipe_bernain` varchar(100) DEFAULT NULL,
  PRIMARY KEY (`id_pemain`)
) ENGINE=InnoDB DEFAULT CHARSET=latin1 COLLATE=latin1_swedish_ci;
/*!40101 SET character_set_client = @saved_cs_client */;

--
-- Dumping data for table `pemain`
--

LOCK TABLES `pemain` WRITE;
/*!40000 ALTER TABLE `pemain` DISABLE KEYS */;
INSERT INTO `pemain` VALUES ('2023001','Muhammad Yunus','',NULL,'',NULL,NULL),('2023002','Mentereng Sakti','',NULL,'',NULL,NULL),('2023003','Encik Abdul Hajar','',NULL,'',NULL,NULL),('2023004','Elfin Bastian','',NULL,'',NULL,NULL),('2023005','Asep Suganjar','',NULL,'',NULL,NULL),('2023006','Mastur Taher','',NULL,'',NULL,NULL),('2023007','Misbah','',NULL,'',NULL,NULL),('2023008','Utha','',NULL,'',NULL,NULL),('2023009','Herdiansyah','',NULL,'',NULL,NULL),('2023010','Dody Kurniawan','',NULL,'',NULL,NULL),('2023011','Hasan','',NULL,'',NULL,NULL),('2023012','M. Naaji','',NULL,'',NULL,NULL),('2023013','Razi','',NULL,'',NULL,NULL),('2023014','Martin Roito','',NULL,'',NULL,NULL),('2023015','Fajar Rianto','',NULL,'',NULL,NULL),('2023016','Erwin Jony','',NULL,'',NULL,NULL),('2023017','I Gede','',NULL,'',NULL,NULL),('2023018','Dulpani','',NULL,'',NULL,NULL),('2023019','Heru',NULL,NULL,NULL,NULL,NULL),('2023020','Chandra',NULL,NULL,NULL,'Shakehand',NULL),('2023021','Syahri D. Putra',NULL,NULL,NULL,'Shakehand',NULL),('2023022','Chairiel',NULL,NULL,NULL,'Shakehand',NULL),('2023023','Ardian',NULL,NULL,NULL,'Shakehand',NULL),('2023024','M. Naziransyah',NULL,NULL,NULL,'Shakehand',NULL),('2023025','Ediwansyah',NULL,NULL,NULL,'Shakehand',NULL),('2023026','Rafi',NULL,NULL,NULL,'Shakehand',NULL),('2023027','Taufik Suryo',NULL,NULL,NULL,'Shakehand',NULL),('2023999','-',NULL,NULL,NULL,NULL,NULL);
/*!40000 ALTER TABLE `pemain` ENABLE KEYS */;
UNLOCK TABLES;

--
-- Table structure for table `pengguna`
--

DROP TABLE IF EXISTS `pengguna`;
/*!40101 SET @saved_cs_client     = @@character_set_client */;
/*!40101 SET character_set_client = utf8mb4 */;
CREATE TABLE `pengguna` (
  `no_hp` varchar(20) NOT NULL,
  `nama_pengguna` varchar(100) DEFAULT NULL,
  `id_pemain` varchar(7) DEFAULT NULL,
  PRIMARY KEY (`no_hp`)
) ENGINE=InnoDB DEFAULT CHARSET=latin1 COLLATE=latin1_swedish_ci PACK_KEYS=0;
/*!40101 SET character_set_client = @saved_cs_client */;

--
-- Dumping data for table `pengguna`
--

LOCK TABLES `pengguna` WRITE;
/*!40000 ALTER TABLE `pengguna` DISABLE KEYS */;
INSERT INTO `pengguna` VALUES ('120363401316839542','Grup GMP','0000000'),('628113882222','I Gede','2023017'),('628117764222','Misbah','2023007'),('628117778486','Razi','2023013'),('6281214955555','Muhammad Yunus','2023001'),('6281215465555','Jones','2023001'),('6281226939835','Heru','2023019'),('6281266332301','M. Naziransyah','2023024'),('6281270112060','Ediwansyah','2023025'),('6281270148555','Admin','2023001'),('6281277949106','Fajar Rianto','2023015'),('6281282062344','Mastur Taher','2023006'),('6281357075896','Taufik Suryo','2023027'),('6281368675464','Utha','2023008'),('6281372243753','M. Naaji','2023012'),('6281372497609','Chairiel','2023022'),('6282173088527','Mentereng Sakti','2023002'),('6282174948353','Encik Abdul Hajar','2023003'),('6282389451094','Rafi','2023026'),('6283145196565','Dulpani','2023018'),('6283876862872','Chandra KBS','2023020'),('6285167468720','Herdiansyah','2023009'),('6285222267988','Asep Suganjar','2023005'),('6285264001447','Dody Kurniawan','2023010'),('6285264409666','Elfin Bastian','2023004'),('6285264460662','Erwin Jony','2023016'),('6285272555788','Syahri D. Putra','2023021'),('6285272643423','Martin Roito','2023014'),('6285375699322','Hasan','2023011'),('6289653628664','Ardian','2023023');
/*!40000 ALTER TABLE `pengguna` ENABLE KEYS */;
UNLOCK TABLES;

--
-- Table structure for table `peringkat`
--

DROP TABLE IF EXISTS `peringkat`;
/*!40101 SET @saved_cs_client     = @@character_set_client */;
/*!40101 SET character_set_client = utf8mb4 */;
CREATE TABLE `peringkat` (
  `id_turnamen` varchar(6) NOT NULL,
  `id_pemain` varchar(7) NOT NULL,
  `total_poin` float DEFAULT NULL,
  `jumlah_turnamen` int(11) DEFAULT NULL,
  KEY `idx_turnamen` (`id_turnamen`,`id_pemain`) USING BTREE
) ENGINE=InnoDB DEFAULT CHARSET=latin1 COLLATE=latin1_swedish_ci PACK_KEYS=0;
/*!40101 SET character_set_client = @saved_cs_client */;

--
-- Dumping data for table `peringkat`
--

LOCK TABLES `peringkat` WRITE;
/*!40000 ALTER TABLE `peringkat` DISABLE KEYS */;
INSERT INTO `peringkat` VALUES ('202501','2023001',350,1),('202501','2023002',50,1),('202501','2023004',183.333,1),('202501','2023005',625,1),('202501','2023007',100,1),('202501','2023008',416.667,1),('202501','2023009',316.667,1),('202501','2023010',300,1),('202501','2023011',225,1),('202501','2023012',500,1),('202501','2023013',75,1),('202501','2023014',900,1),('202501','2023015',133.333,1),('202501','2023017',50,1),('202502','2023001',400,1),('202502','2023002',50,1),('202502','2023004',275,1),('202502','2023006',750,1),('202502','2023008',350,1),('202502','2023010',75,1),('202502','2023012',250,1),('202502','2023014',900,1),('202502','2023019',75,1),('202503','2023001',300,1),('202503','2023002',75,1),('202503','2023004',516.667,1),('202503','2023006',675,1),('202503','2023011',250,1),('202503','2023012',450,1),('202503','2023013',116.667,1),('202503','2023014',900,1),('202503','2023015',250,1),('202503','2023016',225,1),('202503','2023019',83.3333,1),('202503','2023020',66.6667,1),('202503','2023021',16.6667,1),('202503','2023022',75,1),('202504','2023001',175,1),('202504','2023004',975,1),('202504','2023005',1083.33,1),('202504','2023006',300,1),('202504','2023007',100,1),('202504','2023008',750,1),('202504','2023010',700,1),('202504','2023011',400,1),('202504','2023012',550,1),('202504','2023013',50,1),('202504','2023016',300,1),('202504','2023019',133.333,1),('202504','2023020',125,1),('202504','2023021',50,1),('202504','2023023',50,1),('202504','2023024',200,1),('202505','2023001',450,1),('202505','2023004',750,1),('202505','2023006',650,1),('202505','2023008',775,1),('202505','2023010',250,1),('202505','2023011',250,1),('202505','2023012',200,1),('202505','2023014',1100,1),('202505','2023015',450,1),('202505','2023016',200,1),('202505','2023020',50,1),('202505','2023022',75,1),('202505','2023023',100,1),('202506','2023001',100,1),('202506','2023004',900,1),('202506','2023006',350,1),('202506','2023008',750,1),('202506','2023010',225,1),('202506','2023011',275,1),('202506','2023012',500,1),('202506','2023014',425,1),('202506','2023016',75,1),('202506','2023022',125,1),('202506','2023023',50,1),('202506','2023024',225,1);
/*!40000 ALTER TABLE `peringkat` ENABLE KEYS */;
UNLOCK TABLES;

--
-- Table structure for table `pertandingan`
--

DROP TABLE IF EXISTS `pertandingan`;
/*!40101 SET @saved_cs_client     = @@character_set_client */;
/*!40101 SET character_set_client = utf8mb4 */;
CREATE TABLE `pertandingan` (
  `id_pertandingan` int(11) NOT NULL AUTO_INCREMENT,
  `id_turnamen` varchar(20) DEFAULT NULL,
  `babak` varchar(10) DEFAULT NULL,
  `pool` varchar(2) DEFAULT NULL,
  `no_pertandingan` int(11) NOT NULL,
  `id_pemain` varchar(7) DEFAULT NULL,
  `skor_pemain` int(11) DEFAULT NULL,
  `id_lawan` varchar(7) DEFAULT NULL,
  `skor_lawan` int(11) DEFAULT NULL,
  `kemenangan` int(11) DEFAULT 1,
  `jumlah_peserta` int(11) DEFAULT NULL,
  `poin` float DEFAULT NULL,
  PRIMARY KEY (`id_pertandingan`),
  KEY `idx_turnamen` (`id_turnamen`,`babak`,`pool`,`no_pertandingan`,`id_pemain`) USING BTREE
) ENGINE=InnoDB AUTO_INCREMENT=276 DEFAULT CHARSET=latin1 COLLATE=latin1_swedish_ci;
/*!40101 SET character_set_client = @saved_cs_client */;

--
-- Dumping data for table `pertandingan`
--

LOCK TABLES `pertandingan` WRITE;
/*!40000 ALTER TABLE `pertandingan` DISABLE KEYS */;
INSERT INTO `pertandingan` VALUES (1,'202501','PG','A',1,'2023004',3,'2023007',2,1,3,66.6667),(2,'202501','PG','A',1,'2023007',2,'2023004',3,1,3,50),(3,'202501','PG','A',2,'2023004',2,'2023008',3,1,3,50),(4,'202501','PG','A',2,'2023008',3,'2023004',2,1,3,66.6667),(5,'202501','PG','A',3,'2023004',3,'2023009',1,1,3,66.6667),(6,'202501','PG','A',3,'2023009',1,'2023004',3,1,3,33.3333),(7,'202501','PG','A',4,'2023007',0,'2023008',3,1,3,16.6667),(8,'202501','PG','A',4,'2023008',3,'2023007',0,1,3,66.6667),(9,'202501','PG','A',5,'2023007',1,'2023009',3,1,3,33.3333),(10,'202501','PG','A',5,'2023009',3,'2023007',1,1,3,66.6667),(11,'202501','PG','A',6,'2023008',1,'2023009',3,1,3,33.3333),(12,'202501','PG','A',6,'2023009',3,'2023008',1,1,3,66.6667),(13,'202501','PG','B',7,'2023010',3,'2023011',2,1,2,100),(14,'202501','PG','B',7,'2023011',2,'2023010',3,1,2,75),(15,'202501','PG','B',8,'2023011',3,'2023002',0,1,2,100),(16,'202501','PG','B',8,'2023002',0,'2023011',3,1,2,25),(17,'202501','PG','B',9,'2023010',3,'2023002',0,1,2,100),(18,'202501','PG','B',9,'2023002',0,'2023010',3,1,2,25),(19,'202501','PG','C',10,'2023012',1,'2023001',3,1,2,50),(20,'202501','PG','C',10,'2023001',3,'2023012',1,1,2,100),(21,'202501','PG','C',11,'2023013',1,'2023001',3,1,2,50),(22,'202501','PG','C',11,'2023001',3,'2023013',1,1,2,100),(23,'202501','PG','C',12,'2023012',3,'2023013',0,1,2,100),(24,'202501','PG','C',12,'2023013',0,'2023012',3,1,2,25),(25,'202501','PG','D',13,'2023014',3,'2023005',0,1,3,66.6667),(26,'202501','PG','D',13,'2023005',0,'2023014',3,1,3,16.6667),(27,'202501','PG','D',14,'2023015',3,'2023017',0,1,3,66.6667),(28,'202501','PG','D',14,'2023017',0,'2023015',3,1,3,16.6667),(29,'202501','PG','D',15,'2023014',3,'2023015',2,1,3,66.6667),(30,'202501','PG','D',15,'2023015',2,'2023014',3,1,3,50),(31,'202501','PG','D',16,'2023005',3,'2023015',0,1,3,66.6667),(32,'202501','PG','D',16,'2023015',0,'2023005',3,1,3,16.6667),(33,'202501','PG','D',17,'2023014',3,'2023017',0,1,3,66.6667),(34,'202501','PG','D',17,'2023017',0,'2023014',3,1,3,16.6667),(35,'202501','PG','D',18,'2023005',3,'2023017',0,1,3,66.6667),(36,'202501','PG','D',18,'2023017',0,'2023005',3,1,3,16.6667),(37,'202501','8B','-',19,'2023009',2,'2023012',3,1,1,150),(38,'202501','8B','-',19,'2023012',3,'2023009',2,1,1,200),(39,'202501','8B','-',20,'2023010',1,'2023005',3,1,1,100),(40,'202501','8B','-',20,'2023005',3,'2023010',1,1,1,200),(41,'202501','8B','-',21,'2023001',2,'2023008',3,1,1,150),(42,'202501','8B','-',21,'2023008',3,'2023001',2,1,1,200),(43,'202501','8B','-',22,'2023014',3,'2023011',0,1,1,200),(44,'202501','8B','-',22,'2023011',0,'2023014',3,1,1,50),(45,'202501','SF','-',23,'2023012',2,'2023005',3,1,1,150),(46,'202501','SF','-',23,'2023005',3,'2023012',2,1,1,200),(47,'202501','SF','-',24,'2023008',0,'2023014',3,1,1,50),(48,'202501','SF','-',24,'2023014',3,'2023008',0,1,1,200),(49,'202501','F','-',25,'2023005',0,'2023014',3,1,1,75),(50,'202501','F','-',25,'2023014',3,'2023005',0,1,1,300),(51,'202502','PG','A',1,'2023014',3,'2023001',1,1,2,100),(52,'202502','PG','A',1,'2023001',1,'2023014',3,1,2,50),(53,'202502','PG','A',2,'2023001',3,'2023002',0,1,2,100),(54,'202502','PG','A',2,'2023002',0,'2023001',3,1,2,25),(55,'202502','PG','A',3,'2023014',3,'2023002',0,1,2,100),(56,'202502','PG','A',3,'2023002',0,'2023014',3,1,2,25),(57,'202502','PG','B',4,'2023008',3,'2023004',0,1,2,100),(58,'202502','PG','B',4,'2023004',0,'2023008',3,1,2,25),(59,'202502','PG','B',5,'2023004',3,'2023019',1,1,2,100),(60,'202502','PG','B',5,'2023019',1,'2023004',3,1,2,50),(61,'202502','PG','B',6,'2023008',3,'2023019',0,1,2,100),(62,'202502','PG','B',6,'2023019',0,'2023008',3,1,2,25),(63,'202502','PG','C',7,'2023012',3,'2023010',0,1,2,100),(64,'202502','PG','C',7,'2023010',0,'2023012',3,1,2,25),(65,'202502','PG','C',8,'2023010',1,'2023006',3,1,2,50),(66,'202502','PG','C',8,'2023006',3,'2023010',1,1,2,100),(67,'202502','PG','C',9,'2023012',1,'2023006',3,1,2,50),(68,'202502','PG','C',9,'2023006',3,'2023012',1,1,2,100),(69,'202502','8B','-',10,'2023014',3,'2023012',1,1,1,200),(70,'202502','8B','-',10,'2023012',1,'2023014',3,1,1,100),(71,'202502','8B','-',11,'2023008',2,'2023001',3,1,1,150),(72,'202502','8B','-',11,'2023001',3,'2023008',2,1,1,200),(73,'202502','8B','-',12,'2023006',3,'2023004',2,1,1,200),(74,'202502','8B','-',12,'2023004',2,'2023006',3,1,1,150),(75,'202502','SF','-',13,'2023014',3,'2023001',0,1,1,200),(76,'202502','SF','-',13,'2023001',0,'2023014',3,1,1,50),(77,'202502','SF','-',14,'2023006',3,'2023999',0,1,1,200),(78,'202502','F','-',15,'2023014',3,'2023006',1,1,1,300),(79,'202502','F','-',15,'2023006',1,'2023014',3,1,1,150),(81,'202503','PG','A',1,'2023014',3,'2023004',1,1,3,66.6667),(82,'202503','PG','A',1,'2023004',1,'2023014',3,1,3,33.3333),(83,'202503','PG','A',2,'2023013',3,'2023021',0,1,3,66.6667),(84,'202503','PG','A',2,'2023021',0,'2023013',3,1,3,16.6667),(85,'202503','PG','A',3,'2023014',3,'2023013',0,1,3,66.6667),(86,'202503','PG','A',3,'2023013',0,'2023014',3,1,3,16.6667),(87,'202503','PG','A',4,'2023004',3,'2023021',0,1,3,66.6667),(88,'202503','PG','A',4,'2023021',0,'2023004',3,0,3,0),(89,'202503','PG','A',5,'2023014',3,'2023021',0,1,3,66.6667),(90,'202503','PG','A',5,'2023021',0,'2023014',3,0,3,0),(91,'202503','PG','A',6,'2023004',3,'2023013',1,1,3,66.6667),(92,'202503','PG','A',6,'2023013',1,'2023004',3,1,3,33.3333),(93,'202503','PG','B',7,'2023012',3,'2023015',1,1,2,100),(94,'202503','PG','B',7,'2023015',1,'2023012',3,1,2,50),(95,'202503','PG','B',8,'2023015',3,'2023022',0,1,2,100),(96,'202503','PG','B',8,'2023022',0,'2023015',3,1,2,25),(97,'202503','PG','B',9,'2023012',3,'2023022',1,1,2,100),(98,'202503','PG','B',9,'2023022',1,'2023012',3,1,2,50),(99,'202503','PG','C',10,'2023001',3,'2023002',0,1,2,100),(100,'202503','PG','C',10,'2023002',0,'2023001',3,1,2,25),(101,'202503','PG','C',11,'2023002',1,'2023016',3,1,2,50),(102,'202503','PG','C',11,'2023016',3,'2023002',1,1,2,100),(103,'202503','PG','C',12,'2023001',3,'2023016',2,1,2,100),(104,'202503','PG','C',12,'2023016',2,'2023001',3,1,2,75),(105,'202503','PG','D',13,'2023006',3,'2023011',0,1,3,66.6667),(106,'202503','PG','D',13,'2023011',0,'2023006',3,1,3,16.6667),(107,'202503','PG','D',14,'2023019',2,'2023020',3,1,3,50),(108,'202503','PG','D',14,'2023020',3,'2023019',2,1,3,66.6667),(109,'202503','PG','D',15,'2023006',3,'2023019',0,1,3,66.6667),(110,'202503','PG','D',15,'2023019',0,'2023006',3,1,3,16.6667),(111,'202503','PG','D',16,'2023011',3,'2023020',0,1,3,66.6667),(112,'202503','PG','D',16,'2023020',0,'2023011',3,1,3,16.6667),(113,'202503','PG','D',17,'2023006',3,'2023020',0,1,3,66.6667),(114,'202503','PG','D',17,'2023020',0,'2023006',3,1,3,16.6667),(115,'202503','PG','D',18,'2023011',3,'2023019',0,1,3,66.6667),(116,'202503','PG','D',18,'2023019',0,'2023011',3,1,3,16.6667),(117,'202503','8B','-',19,'2023014',3,'2023016',0,1,1,200),(118,'202503','8B','-',19,'2023016',0,'2023014',3,1,1,50),(119,'202503','8B','-',20,'2023012',3,'2023011',1,1,1,200),(120,'202503','8B','-',20,'2023011',1,'2023012',3,1,1,100),(121,'202503','8B','-',21,'2023001',1,'2023004',3,1,1,100),(122,'202503','8B','-',21,'2023004',3,'2023001',1,1,1,200),(123,'202503','8B','-',22,'2023006',3,'2023015',1,1,1,200),(124,'202503','8B','-',22,'2023015',1,'2023006',3,1,1,100),(125,'202503','SF','-',23,'2023014',3,'2023012',0,1,1,200),(126,'202503','SF','-',23,'2023012',0,'2023014',3,1,1,50),(127,'202503','SF','-',24,'2023004',2,'2023006',3,1,1,150),(128,'202503','SF','-',24,'2023006',3,'2023004',2,1,1,200),(129,'202503','F','-',25,'2023014',3,'2023006',0,1,1,300),(130,'202503','F','-',25,'2023006',0,'2023014',3,1,1,75),(132,'202504','PG','A',1,'2023005',2,'2023006',3,1,3,50),(133,'202504','PG','A',1,'2023006',3,'2023005',2,1,3,66.6667),(134,'202504','PG','A',2,'2023019',3,'2023023',0,1,3,66.6667),(135,'202504','PG','A',2,'2023023',0,'2023019',3,1,3,16.6667),(136,'202504','PG','A',3,'2023006',3,'2023019',0,1,3,66.6667),(137,'202504','PG','A',3,'2023019',0,'2023006',3,1,3,16.6667),(138,'202504','PG','A',4,'2023005',3,'2023023',0,1,3,66.6667),(139,'202504','PG','A',4,'2023023',0,'2023005',3,1,3,16.6667),(140,'202504','PG','A',5,'2023006',3,'2023023',0,1,3,66.6667),(141,'202504','PG','A',5,'2023023',0,'2023006',3,1,3,16.6667),(142,'202504','PG','A',6,'2023005',3,'2023019',2,1,3,66.6667),(143,'202504','PG','A',6,'2023019',2,'2023005',3,1,3,50),(144,'202504','PG','B',7,'2023004',1,'2023016',3,1,2,50),(145,'202504','PG','B',7,'2023016',3,'2023004',1,1,2,100),(146,'202504','PG','B',8,'2023016',3,'2023021',0,1,2,100),(147,'202504','PG','B',8,'2023021',0,'2023016',3,1,2,25),(148,'202504','PG','B',9,'2023004',3,'2023021',0,1,2,100),(149,'202504','PG','B',9,'2023021',0,'2023004',3,1,2,25),(150,'202504','PG','C',10,'2023008',3,'2023013',0,1,2,100),(151,'202504','PG','C',10,'2023013',0,'2023008',3,1,2,25),(152,'202504','PG','C',11,'2023013',0,'2023024',3,1,2,25),(153,'202504','PG','C',11,'2023024',3,'2023013',0,1,2,100),(154,'202504','PG','C',12,'2023008',3,'2023024',1,1,2,100),(155,'202504','PG','C',12,'2023024',1,'2023008',3,1,2,50),(156,'202504','PG','D',13,'2023001',0,'2023010',3,1,2,25),(157,'202504','PG','D',13,'2023010',3,'2023001',0,1,2,100),(158,'202504','PG','D',14,'2023010',1,'2023020',3,1,2,50),(159,'202504','PG','D',14,'2023020',3,'2023010',1,1,2,100),(160,'202504','PG','D',15,'2023001',3,'2023020',0,1,2,100),(161,'202504','PG','D',15,'2023020',0,'2023001',3,1,2,25),(162,'202504','PG','E',16,'2023012',3,'2023011',1,1,2,100),(163,'202504','PG','E',16,'2023011',1,'2023012',3,1,2,50),(164,'202504','PG','E',17,'2023011',3,'2023007',2,1,2,100),(165,'202504','PG','E',17,'2023007',2,'2023011',3,1,2,75),(166,'202504','PG','E',18,'2023012',3,'2023007',0,1,2,100),(167,'202504','PG','E',18,'2023007',0,'2023012',3,1,2,25),(168,'202504','16B','-',19,'2023010',3,'2023024',0,1,1,200),(169,'202504','16B','-',19,'2023024',0,'2023010',3,1,1,50),(170,'202504','16B','-',20,'2023016',1,'2023005',3,1,1,100),(171,'202504','16B','-',20,'2023005',3,'2023016',1,1,1,200),(172,'202504','16B','-',21,'2023012',3,'2023999',0,1,1,200),(173,'202504','16B','-',22,'2023006',1,'2023004',3,1,1,100),(174,'202504','16B','-',22,'2023004',3,'2023006',1,1,1,200),(175,'202504','16B','-',23,'2023008',3,'2023001',0,1,1,200),(176,'202504','16B','-',23,'2023001',0,'2023008',3,1,1,50),(177,'202504','16B','-',24,'2023011',3,'2023999',0,1,1,200),(178,'202504','8B','-',25,'2023010',3,'2023999',0,1,1,200),(179,'202504','8B','-',26,'2023005',3,'2023012',2,1,1,200),(180,'202504','8B','-',26,'2023012',2,'2023005',3,1,1,150),(181,'202504','8B','-',27,'2023004',3,'2023999',0,1,1,200),(182,'202504','8B','-',28,'2023008',3,'2023011',0,1,1,200),(183,'202504','8B','-',28,'2023011',0,'2023008',3,1,1,50),(184,'202504','SF','-',29,'2023010',2,'2023005',3,1,1,150),(185,'202504','SF','-',29,'2023005',3,'2023010',2,1,1,200),(186,'202504','SF','-',30,'2023004',3,'2023008',2,1,1,200),(187,'202504','SF','-',30,'2023008',2,'2023004',3,1,1,150),(188,'202504','F','-',31,'2023005',3,'2023004',2,1,1,300),(189,'202504','F','-',31,'2023004',2,'2023005',3,1,1,225),(193,'202505','PG','A',1,'2023014',3,'2023001',1,1,2,100),(194,'202505','PG','A',1,'2023001',1,'2023014',3,1,2,50),(195,'202505','PG','A',2,'2023001',3,'2023020',0,1,2,100),(196,'202505','PG','A',2,'2023020',0,'2023001',3,1,2,25),(197,'202505','PG','A',3,'2023014',3,'2023020',0,1,2,100),(198,'202505','PG','A',3,'2023020',0,'2023014',3,1,2,25),(199,'202505','PG','B',4,'2023006',3,'2023016',1,1,1,200),(200,'202505','PG','B',4,'2023016',1,'2023006',3,1,1,100),(201,'202505','PG','C',5,'2023008',1,'2023015',3,1,1,100),(202,'202505','PG','C',5,'2023015',3,'2023008',1,1,1,200),(203,'202505','PG','D',6,'2023012',1,'2023011',3,1,2,50),(204,'202505','PG','D',6,'2023011',3,'2023012',1,1,2,100),(205,'202505','PG','D',7,'2023011',3,'2023023',2,1,2,100),(206,'202505','PG','D',7,'2023023',2,'2023011',3,1,2,75),(207,'202505','PG','D',8,'2023012',3,'2023023',0,1,2,100),(208,'202505','PG','D',8,'2023023',0,'2023012',3,1,2,25),(209,'202505','PG','E',9,'2023004',3,'2023010',1,1,2,100),(210,'202505','PG','E',9,'2023010',1,'2023004',3,1,2,50),(211,'202505','PG','E',10,'2023004',3,'2023022',1,1,2,100),(212,'202505','PG','E',10,'2023022',1,'2023004',3,1,2,50),(213,'202505','PG','E',11,'2023010',3,'2023022',0,1,2,100),(214,'202505','PG','E',11,'2023022',0,'2023010',3,1,2,25),(215,'202505','R8','-',12,'2023014',3,'2023012',0,1,1,200),(216,'202505','R8','-',12,'2023012',0,'2023014',3,1,1,50),(217,'202505','R8','-',13,'2023006',3,'2023999',0,1,1,200),(218,'202505','R8','-',14,'2023010',1,'2023015',3,1,1,100),(219,'202505','R8','-',14,'2023015',3,'2023010',1,1,1,200),(220,'202505','R8','-',15,'2023008',3,'2023011',0,1,1,200),(221,'202505','R8','-',15,'2023011',0,'2023008',3,1,1,50),(222,'202505','R8','-',16,'2023001',3,'2023999',0,1,1,200),(223,'202505','R8','-',17,'2023004',3,'2023016',1,1,1,200),(224,'202505','R8','-',17,'2023016',1,'2023004',3,1,1,100),(225,'202505','QF','-',18,'2023014',3,'2023999',0,1,1,200),(226,'202505','QF','-',19,'2023006',3,'2023015',0,1,1,200),(227,'202505','QF','-',19,'2023015',0,'2023006',3,1,1,50),(228,'202505','QF','-',20,'2023008',3,'2023001',1,1,1,200),(229,'202505','QF','-',20,'2023001',1,'2023008',3,1,1,100),(230,'202505','QF','-',21,'2023004',3,'2023999',0,1,1,200),(231,'202505','SF','-',22,'2023014',3,'2023006',0,1,1,200),(232,'202505','SF','-',22,'2023006',0,'2023014',3,1,1,50),(233,'202505','SF','-',23,'2023008',3,'2023004',2,1,1,200),(234,'202505','SF','-',23,'2023004',2,'2023008',3,1,1,150),(235,'202505','F','-',24,'2023008',0,'2023014',3,1,1,75),(236,'202505','F','-',24,'2023014',3,'2023008',0,1,1,300),(238,'202506','PG','A',1,'2023012',3,'2023016',0,1,2,100),(239,'202506','PG','A',1,'2023016',0,'2023012',3,1,2,25),(240,'202506','PG','A',2,'2023012',3,'2023014',2,1,2,100),(241,'202506','PG','A',2,'2023014',2,'2023012',3,1,2,75),(242,'202506','PG','A',3,'2023014',3,'2023016',1,1,2,100),(243,'202506','PG','A',3,'2023016',1,'2023014',3,1,2,50),(244,'202506','PG','B',4,'2023008',3,'2023011',2,1,2,100),(245,'202506','PG','B',4,'2023011',2,'2023008',3,1,2,75),(246,'202506','PG','B',5,'2023008',3,'2023023',0,1,2,100),(247,'202506','PG','B',5,'2023023',0,'2023008',3,1,2,25),(248,'202506','PG','B',6,'2023011',3,'2023023',0,1,2,100),(249,'202506','PG','B',6,'2023023',0,'2023011',3,1,2,25),(250,'202506','PG','C',7,'2023006',3,'2023010',2,1,2,100),(251,'202506','PG','C',7,'2023010',2,'2023006',3,1,2,75),(252,'202506','PG','C',8,'2023006',3,'2023022',2,1,2,100),(253,'202506','PG','C',8,'2023022',2,'2023006',3,1,2,75),(254,'202506','PG','C',9,'2023010',3,'2023022',1,1,2,100),(255,'202506','PG','C',9,'2023022',1,'2023010',3,1,2,50),(256,'202506','PG','D',10,'2023004',3,'2023001',0,1,2,100),(257,'202506','PG','D',10,'2023001',0,'2023004',3,1,2,25),(258,'202506','PG','D',11,'2023004',3,'2023024',2,1,2,100),(259,'202506','PG','D',11,'2023024',2,'2023004',3,1,2,75),(260,'202506','PG','D',12,'2023001',2,'2023024',3,1,2,75),(261,'202506','PG','D',12,'2023024',3,'2023001',2,1,2,100),(262,'202506','QF','-',13,'2023012',3,'2023010',0,1,1,200),(263,'202506','QF','-',13,'2023010',0,'2023012',3,1,1,50),(264,'202506','QF','-',14,'2023008',3,'2023024',0,1,1,200),(265,'202506','QF','-',14,'2023024',0,'2023008',3,1,1,50),(266,'202506','QF','-',15,'2023006',2,'2023014',3,1,1,150),(267,'202506','QF','-',15,'2023014',3,'2023006',2,1,1,200),(268,'202506','QF','-',16,'2023004',3,'2023011',1,1,1,200),(269,'202506','QF','-',16,'2023011',1,'2023004',3,1,1,100),(270,'202506','SF','-',17,'2023012',1,'2023008',3,1,1,100),(271,'202506','SF','-',17,'2023008',3,'2023012',1,1,1,200),(272,'202506','SF','-',18,'2023014',0,'2023004',3,1,1,50),(273,'202506','SF','-',18,'2023004',3,'2023014',0,1,1,200),(274,'202506','F','-',19,'2023008',1,'2023004',3,1,1,150),(275,'202506','F','-',19,'2023004',3,'2023008',1,1,1,300);
/*!40000 ALTER TABLE `pertandingan` ENABLE KEYS */;
UNLOCK TABLES;

--
-- Table structure for table `presensi`
--

DROP TABLE IF EXISTS `presensi`;
/*!40101 SET @saved_cs_client     = @@character_set_client */;
/*!40101 SET character_set_client = utf8mb4 */;
CREATE TABLE `presensi` (
  `id_pemain` varchar(7) DEFAULT NULL,
  `id_turnamen` varchar(6) DEFAULT NULL,
  `tgl_presensi` date DEFAULT NULL,
  `waktu_presensi` datetime DEFAULT NULL,
  `longitude` float DEFAULT NULL,
  `latitude` float DEFAULT NULL,
  `area` varchar(100) DEFAULT NULL,
  UNIQUE KEY `id_pemain` (`id_pemain`,`id_turnamen`,`tgl_presensi`)
) ENGINE=InnoDB DEFAULT CHARSET=latin1 COLLATE=latin1_swedish_ci PACK_KEYS=0;
/*!40101 SET character_set_client = @saved_cs_client */;

--
-- Dumping data for table `presensi`
--

LOCK TABLES `presensi` WRITE;
/*!40000 ALTER TABLE `presensi` DISABLE KEYS */;
INSERT INTO `presensi` VALUES ('2023001','202505','2025-05-28','2025-05-28 20:00:00',104.464,0.902725,'GMP'),('2023007','202505','2025-05-28','2025-05-28 20:00:00',104.464,0.902725,'GMP'),('2023010','202505','2025-05-28','2025-05-28 20:00:00',104.464,0.902725,'GMP'),('2023006','202505','2025-05-28','2025-05-28 20:00:00',104.464,0.902725,'GMP'),('2023011','202505','2025-05-28','2025-05-28 20:00:00',104.464,0.902725,'GMP'),('2023012','202505','2025-05-28','2025-05-28 20:00:00',104.464,0.902725,'GMP'),('2023016','202505','2025-05-28','2025-05-28 20:00:00',104.464,0.902725,'GMP'),('2023020','202505','2025-05-28','2025-05-28 20:00:00',104.464,0.902725,'GMP'),('2023014','202505','2025-05-28','2025-05-28 20:00:00',104.464,0.902725,'GMP'),('2023023','202505','2025-05-28','2025-05-28 20:00:00',104.464,0.902725,'GMP'),('2023025','202505','2025-05-28','2025-05-28 20:00:00',104.464,0.902725,'GMP'),('2023016','202505','2025-05-30','2025-05-30 20:21:42',104.464,0.902642,'GMP'),('2023013','202505','2025-05-30','2025-05-30 20:24:10',104.464,0.902633,'GMP'),('2023001','202505','2025-05-30','2025-05-30 20:26:58',104.464,0.902533,'GMP'),('2023012','202505','2025-05-30','2025-05-30 21:15:45',104.464,0.902648,'GMP'),('2023024','202505','2025-05-30','2025-05-30 21:20:07',104.464,0.902604,'GMP'),('2023011','202505','2025-05-30','2025-05-30 21:20:21',104.464,0.902523,'GMP'),('2023020','202505','2025-05-30','2025-05-30 22:03:07',104.464,0.902669,'GMP'),('2023006','202505','2025-05-30','2025-05-30 22:46:42',104.464,0.902555,'GMP'),('2023015','202505','2025-06-04','2025-06-04 17:45:28',104.464,0.902681,'GMP'),('2023022','202505','2025-06-04','2025-06-04 17:46:11',104.464,0.902634,'GMP'),('2023020','202505','2025-06-04','2025-06-04 18:16:47',104.464,0.902634,'GMP'),('2023014','202505','2025-06-04','2025-06-04 18:16:47',104.464,0.90261,'GMP'),('2023011','202505','2025-06-04','2025-06-04 18:56:03',104.464,0.902572,'GMP'),('2023004','202505','2025-06-04','2025-06-04 19:56:06',104.464,0.9027,'GMP'),('2023024','202505','2025-06-04','2025-06-04 20:05:23',104.464,0.902544,'GMP'),('2023016','202505','2025-06-04','2025-06-04 20:21:09',104.464,0.902571,'GMP'),('2023008','202505','2025-06-04','2025-06-04 20:22:02',104.464,0.90254,'GMP'),('2023006','202505','2025-06-04','2025-06-04 21:00:15',104.464,0.902635,'GMP'),('2023012','202505','2025-06-04','2025-06-04 21:04:27',104.464,0.902589,'GMP'),('2023010','202505','2025-06-04','2025-06-04 21:18:11',104.464,0.902663,'GMP'),('2023018','202505','2025-06-04','2025-06-04 21:25:02',104.464,0.902638,'GMP'),('2023013','202505','2025-06-04','2025-06-04 21:26:56',104.464,0.902565,'GMP'),('2023001','202505','2025-06-04','2025-06-04 00:00:00',104.464,0.9025,'GMP'),('2023002','202505','2025-06-04','2025-06-04 00:00:00',104.464,0.9025,'GMP'),('2023024','202505','2025-06-06','2025-06-06 20:21:52',104.464,0.902612,'GMP'),('2023022','202505','2025-06-06','2025-06-06 20:24:40',104.464,0.902608,'GMP'),('2023008','202505','2025-06-06','2025-06-06 20:35:44',104.464,0.902542,'GMP'),('2023012','202505','2025-06-06','2025-06-06 21:09:44',104.464,0.902577,'GMP'),('2023016','202505','2025-06-06','2025-06-06 21:12:25',104.464,0.902608,'GMP'),('2023013','202505','2025-06-06','2025-06-06 21:18:06',104.464,0.902593,'GMP'),('2023011','202505','2025-06-06','2025-06-06 21:39:19',104.464,0.902606,'GMP'),('2023014','202505','2025-06-06','2025-06-06 21:41:16',104.464,0.902614,'GMP'),('2023001','202505','2025-06-06','2025-06-04 00:00:00',104.464,0.9025,'GMP'),('2023020','202505','2025-06-06','2025-06-04 00:00:00',104.464,0.9025,'GMP'),('2023010','202505','2025-06-06','2025-06-04 00:00:00',104.464,0.9025,'GMP'),('2023020','202505','2025-06-11','2025-06-11 18:12:50',104.464,0.902511,'GMP'),('2023022','202505','2025-06-11','2025-06-11 18:13:01',104.464,0.902597,'GMP'),('2023010','202505','2025-06-11','2025-06-11 20:19:11',104.464,0.902568,'GMP'),('2023004','202505','2025-06-11','2025-06-11 20:32:56',104.464,0.902505,'GMP'),('2023007','202505','2025-06-11','2025-06-11 21:01:42',104.464,0.902638,'GMP'),('2023015','202505','2025-06-11','2025-06-11 21:03:28',104.464,0.902652,'GMP'),('2023008','202505','2025-06-11','2025-06-11 21:20:17',104.464,0.90248,'GMP'),('2023012','202505','2025-06-11','2025-06-11 00:00:00',104.464,0.9025,'GMP'),('2023001','202505','2025-06-11','2025-06-11 00:00:00',104.464,0.9025,'GMP'),('2023011','202505','2025-06-13','2025-06-13 18:14:08',104.464,0.902559,'GMP'),('2023023','202505','2025-06-13','2025-06-13 18:16:01',104.464,0.902585,'GMP'),('2023001','202505','2025-06-13','2025-06-13 20:20:57',104.444,0.913153,'Bayangkara'),('2023012','202505','2025-06-13','2025-06-13 20:48:54',104.464,0.902614,'GMP'),('2023016','202505','2025-06-13','2025-06-13 21:00:05',104.464,0.902649,'GMP'),('2023010','202505','2025-06-13','2025-06-13 21:45:58',104.464,0.90259,'GMP'),('2023006','202505','2025-06-13','2025-06-13 22:01:24',104.464,0.902543,'GMP'),('2023009','202505','2025-06-13','2025-06-13 00:00:00',104.464,0.9025,'GMP'),('2023024','202505','2025-06-18','2025-06-18 20:33:50',104.464,0.902505,'GMP'),('2023014','202505','2025-06-18','2025-06-18 20:38:21',104.464,0.902632,'GMP'),('2023012','202505','2025-06-18','2025-06-18 20:39:24',104.464,0.902614,'GMP'),('2023023','202505','2025-06-18','2025-06-18 21:04:41',104.464,0.90255,'GMP'),('2023016','202505','2025-06-18','2025-06-18 21:05:09',104.464,0.902651,'GMP'),('2023004','202505','2025-06-18','2025-06-18 21:09:24',104.464,0.902595,'GMP'),('2023015','202505','2025-06-18','2025-06-18 21:10:10',104.464,0.902693,'GMP'),('2023009','202505','2025-06-18','2025-06-18 21:13:07',104.464,0.902593,'GMP'),('2023011','202505','2025-06-18','2025-06-18 21:13:18',104.464,0.902613,'GMP'),('2023010','202505','2025-06-18','2025-06-18 21:45:32',104.464,0.902587,'GMP'),('2023001','202506','2025-06-25','2025-06-25 17:46:00',104.444,0.91314,'Bayangkara'),('2023007','202506','2025-06-25','2025-06-25 20:28:25',104.464,0.902624,'GMP'),('2023023','202506','2025-06-25','2025-06-25 20:29:39',104.464,0.90255,'GMP'),('2023014','202506','2025-06-25','2025-06-25 20:37:35',104.464,0.902652,'GMP'),('2023012','202506','2025-06-25','2025-06-25 20:40:15',104.464,0.902559,'GMP'),('2023009','202506','2025-06-25','2025-06-25 20:46:16',104.464,0.902633,'GMP'),('2023006','202506','2025-06-25','2025-06-25 21:18:28',104.464,0.902572,'GMP'),('2023016','202506','2025-06-25','2025-06-25 22:27:23',104.464,0.902579,'GMP'),('2023001','202506','2025-06-27','2025-06-27 20:16:25',104.444,0.913133,'Bayangkara'),('2023010','202506','2025-06-25','2025-06-25 00:00:00',104.464,0.9025,'GMP'),('2023011','202506','2025-06-25','2025-06-25 00:00:00',104.464,0.9025,'GMP'),('2023009','202506','2025-06-27','2025-06-27 20:49:07',104.464,0.902634,'GMP'),('2023020','202506','2025-06-27','2025-06-27 21:04:56',104.464,0.902523,'GMP'),('2023012','202506','2025-06-27','2025-06-27 21:09:07',104.464,0.902592,'GMP'),('2023007','202506','2025-06-27','2025-06-27 21:09:43',104.464,0.902596,'GMP'),('2023006','202506','2025-06-27','2025-06-27 21:33:09',104.464,0.902508,'GMP'),('2023011','202506','2025-06-27','2025-06-27 21:40:09',104.464,0.902537,'GMP'),('2023022','202506','2025-07-02','2025-07-02 17:00:34',104.464,0.902626,'GMP'),('2023001','202506','2025-07-02','2025-07-02 20:08:24',104.444,0.91314,'Bayangkara'),('2023023','202506','2025-07-02','2025-07-02 20:25:22',104.464,0.902635,'GMP'),('2023010','202506','2025-07-02','2025-07-02 20:39:59',104.464,0.9027,'GMP'),('2023012','202506','2025-07-02','2025-07-02 20:54:17',104.464,0.902615,'GMP'),('2023011','202506','2025-07-02','2025-07-02 20:55:37',104.464,0.902549,'GMP'),('2023020','202506','2025-07-02','2025-07-02 21:01:51',104.464,0.902662,'GMP'),('2023015','202506','2025-07-02','2025-07-02 21:02:57',104.464,0.902549,'GMP'),('2023008','202506','2025-07-02','2025-07-02 21:22:40',104.464,0.902624,'GMP'),('2023016','202506','2025-07-02','2025-07-02 21:23:42',104.464,0.902609,'GMP'),('2023009','202506','2025-07-02','2025-07-02 21:49:54',104.464,0.902627,'GMP'),('2023006','202506','2025-07-02','2025-07-02 22:12:17',104.464,0.902552,'GMP'),('2023022','202506','2025-07-04','2025-07-04 18:35:49',104.464,0.902488,'GMP'),('2023020','202506','2025-07-04','2025-07-04 18:39:41',104.464,0.902585,'GMP'),('2023008','202506','2025-07-04','2025-07-04 20:11:44',104.464,0.902628,'GMP'),('2023012','202506','2025-07-04','2025-07-04 20:41:10',104.464,0.902676,'GMP'),('2023016','202506','2025-07-04','2025-07-04 20:41:36',104.464,0.902513,'GMP'),('2023010','202506','2025-07-04','2025-07-04 20:42:34',104.464,0.90255,'GMP'),('2023019','202506','2025-07-04','2025-07-04 21:24:02',104.464,0.902577,'GMP'),('2023009','202506','2025-07-04','2025-07-04 21:37:20',104.464,0.902675,'GMP'),('2023006','202506','2025-07-04','2025-07-04 22:00:27',104.464,0.902611,'GMP'),('2023024','202506','2025-07-04','2025-07-04 22:11:06',104.464,0.902591,'GMP'),('2023001','202506','2025-07-04','2025-07-04 00:00:00',104.464,0.9025,'GMP'),('2023011','202506','2025-07-04','2025-07-04 00:00:00',104.464,0.9025,'GMP'),('2023020','202506','2025-07-09','2025-07-09 18:05:51',104.464,0.902703,'GMP'),('2023022','202506','2025-07-09','2025-07-09 18:06:14',104.464,0.902673,'GMP'),('2023013','202506','2025-07-09','2025-07-09 18:10:35',104.464,0.902678,'GMP'),('2023001','202506','2025-07-09','2025-07-09 19:08:35',104.444,0.913138,'Bayangkara'),('2023016','202506','2025-07-09','2025-07-09 20:34:45',104.464,0.902566,'GMP'),('2023004','202506','2025-07-09','2025-07-09 20:34:57',104.464,0.902664,'GMP'),('2023007','202506','2025-07-09','2025-07-09 20:52:03',104.464,0.902664,'GMP'),('2023024','202506','2025-07-09','2025-07-09 20:53:37',104.464,0.902664,'GMP'),('2023011','202506','2025-07-09','2025-07-09 21:10:47',104.464,0.902664,'GMP'),('2023012','202506','2025-07-09','2025-07-09 21:23:26',104.464,0.90264,'GMP'),('2023010','202506','2025-07-09','2025-07-09 21:23:54',104.464,0.902597,'GMP'),('2023014','202506','2025-07-11','2025-07-11 18:17:43',104.464,0.902531,'GMP'),('2023022','202506','2025-07-11','2025-07-11 18:18:02',104.464,0.902535,'GMP'),('2023020','202506','2025-07-11','2025-07-11 18:18:50',104.464,0.902485,'GMP'),('2023024','202506','2025-07-11','2025-07-11 20:14:02',104.464,0.902572,'GMP'),('2023023','202506','2025-07-11','2025-07-11 21:05:47',104.464,0.902568,'GMP'),('2023012','202506','2025-07-11','2025-07-11 21:30:56',104.464,0.90263,'GMP'),('2023006','202506','2025-07-11','2025-07-11 22:14:00',104.464,0.902538,'GMP'),('2023001','202506','2025-07-11','2025-07-11 00:00:00',104.464,0.9025,'GMP'),('2023001','202506','2025-07-16','2025-07-16 17:12:42',104.444,0.913138,'Bayangkara'),('2023013','202506','2025-07-16','2025-07-16 18:14:17',104.464,0.902664,'GMP'),('2023014','202506','2025-07-16','2025-07-16 18:25:01',104.464,0.90269,'GMP'),('2023008','202506','2025-07-16','2025-07-16 20:24:30',104.464,0.902624,'GMP'),('2023007','202506','2025-07-16','2025-07-16 20:34:12',104.464,0.902664,'GMP'),('2023010','202506','2025-07-16','2025-07-16 20:53:02',104.464,0.902549,'GMP'),('2023024','202506','2025-07-16','2025-07-16 20:56:17',104.464,0.902589,'GMP'),('2023018','202506','2025-07-16','2025-07-16 21:17:54',104.464,0.902664,'GMP'),('2023006','202506','2025-07-16','2025-07-16 21:53:07',104.464,0.902672,'GMP'),('2023023','202506','2025-07-16','2025-07-16 21:57:19',104.464,0.902581,'GMP'),('2023013','202506','2025-07-18','2025-07-18 18:54:00',104.464,0.902589,'GMP'),('2023022','202506','2025-07-18','2025-07-18 18:58:45',104.464,0.902583,'GMP'),('2023023','202506','2025-07-18','2025-07-18 19:03:07',104.464,0.9027,'GMP'),('2023004','202506','2025-07-18','2025-07-18 20:20:17',104.464,0.902503,'GMP'),('2023001','202506','2025-07-18','2025-07-18 20:30:00',104.464,0.902525,'GMP'),('2023008','202506','2025-07-18','2025-07-18 21:44:05',104.464,0.902604,'GMP'),('2023010','202506','2025-07-18','2025-07-18 21:55:03',104.464,0.902501,'GMP'),('2023016','202506','2025-07-18','2025-07-18 21:55:32',104.464,0.902593,'GMP'),('2023014','202506','2025-07-18','2025-07-18 22:08:41',104.464,0.902556,'GMP'),('2023012','202506','2025-07-18','2025-07-18 22:12:19',104.464,0.902547,'GMP'),('2023023','202506','2025-07-23','2025-07-23 18:20:27',104.464,0.90262,'GMP'),('2023012','202506','2025-07-23','2025-07-23 21:01:46',104.464,0.902565,'GMP'),('2023004','202506','2025-07-23','2025-07-23 21:13:10',104.464,0.902492,'GMP'),('2023024','202506','2025-07-23','2025-07-23 21:39:25',104.464,0.902559,'GMP'),('2023009','202506','2025-07-23','2025-07-23 21:54:41',104.464,0.90257,'GMP'),('2023014','202506','2025-07-23','2025-07-23 22:06:08',104.464,0.902585,'GMP'),('2023011','202506','2025-07-23','2025-07-23 23:08:28',104.464,0.902564,'GMP'),('2023001','202507','2025-07-30','2025-07-30 20:11:03',104.444,0.913139,'Bayangkara'),('2023006','202507','2025-07-30','2025-07-30 00:00:00',104.464,0.9025,'GMP'),('2023010','202507','2025-07-30','2025-07-30 00:00:00',104.464,0.9025,'GMP'),('2023023','202507','2025-07-30','2025-07-30 00:00:00',104.464,0.9025,'GMP'),('2023012','202507','2025-07-30','2025-07-30 00:00:00',104.464,0.9025,'GMP'),('2023008','202507','2025-07-30','2025-07-30 00:00:00',104.464,0.9025,'GMP'),('2023011','202507','2025-07-30','2025-07-30 00:00:00',104.464,0.9025,'GMP'),('2023001','202507','2025-08-01','2025-08-01 19:05:45',104.444,0.913138,'Bayangkara'),('2023024','202507','2025-08-01','2025-08-01 00:00:00',104.464,0.9025,'GMP'),('2023025','202507','2025-08-01','2025-08-01 00:00:00',104.464,0.9025,'GMP'),('2023019','202507','2025-08-01','2025-08-01 00:00:00',104.464,0.9025,'GMP'),('2023015','202507','2025-08-01','2025-08-01 19:22:04',104.464,0.902627,'GMP'),('2023022','202507','2025-08-01','2025-08-01 19:29:47',104.464,0.902548,'GMP'),('2023016','202507','2025-08-01','2025-08-01 21:52:58',104.464,0.902608,'GMP'),('2023006','202507','2025-08-01','2025-08-01 22:58:02',104.464,0.902569,'GMP'),('2023012','202507','2025-08-01','2025-08-01 00:00:00',104.464,0.9025,'GMP'),('2023020','202507','2025-08-03','2025-08-03 10:01:05',104.464,0.90256,'GMP'),('2023008','202507','2025-08-03','2025-08-03 11:04:08',104.464,0.902585,'GMP'),('2023026','202507','2025-08-01','2025-08-01 00:00:00',104.464,0.9025,'GMP'),('2023026','202507','2025-08-03','2025-08-03 10:11:05',104.464,0.9025,'GMP'),('2023009','202507','2025-08-03','2025-08-03 10:11:05',104.464,0.9025,'GMP'),('2023025','202507','2025-08-03','2025-08-03 10:11:05',104.464,0.9025,'GMP'),('2023001','202507','2025-08-03','2025-08-03 10:11:05',104.464,0.9025,'GMP'),('2023006','202507','2025-08-03','2025-08-03 10:11:05',104.464,0.9025,'GMP'),('2023006','202507','2025-08-06','2025-08-06 20:35:06',104.464,0.902621,'GMP'),('2023007','202507','2025-08-06','2025-08-06 20:44:25',104.464,0.902509,'GMP'),('2023012','202507','2025-08-06','2025-08-06 21:03:35',104.464,0.902551,'GMP'),('2023020','202507','2025-08-06','2025-08-06 21:07:15',104.464,0.902617,'GMP'),('2023004','202507','2025-08-06','2025-08-06 21:07:38',104.464,0.902592,'GMP'),('2023014','202507','2025-08-06','2025-08-06 21:24:30',104.464,0.902565,'GMP'),('2023011','202507','2025-08-06','2025-08-06 21:39:17',104.464,0.902619,'GMP'),('2023024','202507','2025-08-06','2025-08-06 22:22:25',104.464,0.90259,'GMP'),('2023010','202507','2025-08-06','2025-08-06 22:23:27',104.464,0.902618,'GMP'),('2023001','202507','2025-08-08','2025-08-08 19:05:20',104.444,0.913138,'Bayangkara'),('2023026','202507','2025-08-08','2025-08-08 18:31:00',104.464,0.9025,'GMP'),('2023025','202507','2025-08-08','2025-08-08 18:31:00',104.464,0.9025,'GMP'),('2023014','202507','2025-08-08','2025-08-08 19:19:36',104.464,0.902536,'GMP'),('2023015','202507','2025-08-08','2025-08-08 19:21:26',104.464,0.902595,'GMP'),('2023010','202507','2025-08-08','2025-08-08 20:27:54',104.464,0.902612,'GMP'),('2023007','202507','2025-08-08','2025-08-08 20:52:57',104.464,0.902565,'GMP'),('2023020','202507','2025-08-08','2025-08-08 20:56:20',104.464,0.902518,'GMP'),('2023009','202507','2025-08-08','2025-08-08 21:13:45',104.464,0.902571,'GMP'),('2023011','202507','2025-08-08','2025-08-08 21:18:02',104.464,0.902518,'GMP'),('2023012','202507','2025-08-08','2025-08-08 21:29:09',104.464,0.902548,'GMP'),('2023008','202507','2025-08-08','2025-08-08 21:31:45',104.464,0.902522,'GMP'),('2023002','202507','2025-08-08','2025-08-08 21:32:36',104.464,0.902551,'GMP'),('2023027','202507','2025-08-08','2025-08-08 21:33:15',104.464,0.902502,'GMP'),('2023004','202507','2025-08-08','2025-08-08 21:55:41',104.464,0.902612,'GMP'),('2023020','202507','2025-08-10','2025-08-10 10:28:34',104.464,0.902608,'GMP'),('2023014','202507','2025-08-10','2025-08-10 10:35:43',104.464,0.902616,'GMP'),('2023024','202507','2025-08-10','2025-08-10 11:23:29',104.464,0.902513,'GMP'),('2023022','202507','2025-08-10','2025-08-10 11:38:17',104.464,0.902571,'GMP'),('2023019','202507','2025-08-10','2025-08-10 11:43:20',104.464,0.902578,'GMP'),('2023002','202507','2025-08-10','2025-08-10 11:44:05',104.464,0.902607,'GMP'),('2023001','202507','2025-08-10','2025-08-10 10:31:00',104.464,0.9025,'GMP'),('2023009','202507','2025-08-10','2025-08-10 10:31:00',104.464,0.9025,'GMP'),('2023019','202507','2025-08-08','2025-08-08 22:31:00',104.464,0.9025,'GMP'),('2023022','202507','2025-08-08','2025-08-08 18:31:00',104.464,0.9025,'GMP'),('2023024','202507','2025-08-08','2025-08-08 18:31:00',104.464,0.9025,'GMP');
/*!40000 ALTER TABLE `presensi` ENABLE KEYS */;
UNLOCK TABLES;

--
-- Table structure for table `rangking`
--

DROP TABLE IF EXISTS `rangking`;
/*!40101 SET @saved_cs_client     = @@character_set_client */;
/*!40101 SET character_set_client = utf8mb4 */;
CREATE TABLE `rangking` (
  `id_peserta` varchar(7) DEFAULT NULL,
  `tahun` varchar(4) DEFAULT NULL,
  `poin1` int(11) DEFAULT NULL,
  `poin_akumulasi1` int(11) DEFAULT NULL,
  `rangking1` int(11) DEFAULT NULL,
  `poin2` int(11) DEFAULT NULL,
  `poin_akumulasi2` int(11) DEFAULT NULL,
  `rangking2` int(11) DEFAULT NULL,
  `poin3` int(11) DEFAULT NULL,
  `poin_akumulasi3` int(11) DEFAULT NULL,
  `rangking3` int(11) DEFAULT NULL,
  `poin4` int(11) DEFAULT NULL,
  `poin_akumulasi4` int(11) DEFAULT NULL,
  `rangking4` int(11) DEFAULT NULL,
  `poin5` int(11) DEFAULT NULL,
  `poin_akumulasi5` int(11) DEFAULT NULL,
  `rangking5` int(11) DEFAULT NULL,
  `poin6` int(11) DEFAULT NULL,
  `poin_akumulasi6` int(11) DEFAULT NULL,
  `rangking6` int(11) DEFAULT NULL,
  `poin7` int(11) DEFAULT NULL,
  `poin_akumulasi7` int(11) DEFAULT NULL,
  `rangking7` int(11) DEFAULT NULL,
  `poin8` int(11) DEFAULT NULL,
  `poin_akumulasi8` int(11) DEFAULT NULL,
  `rangking8` int(11) DEFAULT NULL,
  KEY `idxrangking` (`id_peserta`,`tahun`)
) ENGINE=InnoDB DEFAULT CHARSET=latin1 COLLATE=latin1_swedish_ci PACK_KEYS=0;
/*!40101 SET character_set_client = @saved_cs_client */;

--
-- Dumping data for table `rangking`
--

LOCK TABLES `rangking` WRITE;
/*!40000 ALTER TABLE `rangking` DISABLE KEYS */;
/*!40000 ALTER TABLE `rangking` ENABLE KEYS */;
UNLOCK TABLES;

--
-- Table structure for table `ranking`
--

DROP TABLE IF EXISTS `ranking`;
/*!40101 SET @saved_cs_client     = @@character_set_client */;
/*!40101 SET character_set_client = utf8mb4 */;
CREATE TABLE `ranking` (
  `id_peserta` varchar(7) NOT NULL,
  `tahun` varchar(4) NOT NULL,
  `poin1` int(11) DEFAULT 0,
  `poin_akumulasi1` int(11) DEFAULT 0,
  `ranking1` int(11) DEFAULT 0,
  `poin2` int(11) DEFAULT 0,
  `poin_akumulasi2` int(11) DEFAULT 0,
  `ranking2` int(11) DEFAULT 0,
  `poin3` int(11) DEFAULT 0,
  `poin_akumulasi3` int(11) DEFAULT 0,
  `ranking3` int(11) DEFAULT 0,
  `poin4` int(11) DEFAULT 0,
  `poin_akumulasi4` int(11) DEFAULT 0,
  `ranking4` int(11) DEFAULT 0,
  `poin5` int(11) DEFAULT 0,
  `poin_akumulasi5` int(11) DEFAULT 0,
  `ranking5` int(11) DEFAULT 0,
  `poin6` int(11) DEFAULT 0,
  `poin_akumulasi6` int(11) DEFAULT 0,
  `ranking6` int(11) DEFAULT 0,
  `poin7` int(11) DEFAULT 0,
  `poin_akumulasi7` int(11) DEFAULT 0,
  `ranking7` int(11) DEFAULT 0,
  `poin8` int(11) DEFAULT 0,
  `poin_akumulasi8` int(11) DEFAULT 0,
  `ranking8` int(11) DEFAULT 0,
  UNIQUE KEY `id_peserta` (`id_peserta`,`tahun`)
) ENGINE=InnoDB DEFAULT CHARSET=latin1 COLLATE=latin1_swedish_ci PACK_KEYS=0;
/*!40101 SET character_set_client = @saved_cs_client */;

--
-- Dumping data for table `ranking`
--

LOCK TABLES `ranking` WRITE;
/*!40000 ALTER TABLE `ranking` DISABLE KEYS */;
INSERT INTO `ranking` VALUES ('2023001','2025',350,350,5,400,750,5,300,1050,4,0,0,0,0,0,0,0,0,0,0,0,0,0,0,0),('2023002','2025',50,50,13,50,100,13,75,175,14,0,0,0,0,0,0,0,0,0,0,0,0,0,0,0),('2023003','2025',0,0,0,0,0,0,0,0,0,0,0,0,0,0,0,0,0,0,0,0,0,0,0,0),('2023004','2025',183,183,9,275,458,7,517,975,5,0,0,0,0,0,0,0,0,0,0,0,0,0,0,0),('2023005','2025',625,625,2,0,625,6,0,625,7,0,0,0,0,0,0,0,0,0,0,0,0,0,0,0),('2023006','2025',0,0,0,750,750,3,675,1425,2,0,0,0,0,0,0,0,0,0,0,0,0,0,0,0),('2023007','2025',100,100,11,0,100,12,0,100,16,0,0,0,0,0,0,0,0,0,0,0,0,0,0,0),('2023008','2025',400,417,4,350,767,2,0,767,6,0,0,0,0,0,0,0,0,0,0,0,0,0,0,0),('2023009','2025',317,317,6,0,317,9,0,317,11,0,0,0,0,0,0,0,0,0,0,0,0,0,0,0),('2023010','2025',300,300,7,75,375,8,0,375,10,0,0,0,0,0,0,0,0,0,0,0,0,0,0,0),('2023011','2025',225,225,8,0,225,10,250,475,8,0,0,0,0,0,0,0,0,0,0,0,0,0,0,0),('2023012','2025',500,500,3,250,750,4,450,1200,3,0,0,0,0,0,0,0,0,0,0,0,0,0,0,0),('2023013','2025',75,75,12,0,75,14,117,192,13,0,0,0,0,0,0,0,0,0,0,0,0,0,0,0),('2023014','2025',900,900,1,900,1800,1,900,2700,1,0,0,0,0,0,0,0,0,0,0,0,0,0,0,0),('2023015','2025',133,133,10,0,133,11,250,383,9,0,0,0,0,0,0,0,0,0,0,0,0,0,0,0),('2023016','2025',0,0,0,0,0,0,225,225,12,0,0,0,0,0,0,0,0,0,0,0,0,0,0,0),('2023017','2025',50,50,14,0,50,16,0,50,18,0,0,0,0,0,0,0,0,0,0,0,0,0,0,0),('2023018','2025',0,0,0,0,0,0,0,0,0,0,0,0,0,0,0,0,0,0,0,0,0,0,0,0),('2023019','2025',0,0,0,75,75,15,83,158,15,0,0,0,0,0,0,0,0,0,0,0,0,0,0,0),('2023020','2025',0,0,0,0,0,0,67,67,17,0,0,0,0,0,0,0,0,0,0,0,0,0,0,0),('2023021','2025',0,0,0,0,0,0,17,17,19,0,0,0,0,0,0,0,0,0,0,0,0,0,0,0);
/*!40000 ALTER TABLE `ranking` ENABLE KEYS */;
UNLOCK TABLES;

--
-- Table structure for table `turnamen`
--

DROP TABLE IF EXISTS `turnamen`;
/*!40101 SET @saved_cs_client     = @@character_set_client */;
/*!40101 SET character_set_client = utf8mb4 */;
CREATE TABLE `turnamen` (
  `id_turnamen` varchar(20) NOT NULL,
  `nama_turnamen` varchar(100) NOT NULL,
  `alias` varchar(20) DEFAULT NULL,
  `tgl_turnamen` date DEFAULT NULL,
  `tgl_realisasi` date DEFAULT NULL,
  `tahun` varchar(4) DEFAULT NULL,
  `id` int(11) DEFAULT NULL,
  `status` varchar(20) DEFAULT 'Tutup',
  `jadwal_presensi` int(11) DEFAULT 0,
  `priode_jadwal_mulai` date DEFAULT NULL,
  `priode_jadwal_selesai` date DEFAULT NULL,
  PRIMARY KEY (`id_turnamen`)
) ENGINE=InnoDB DEFAULT CHARSET=latin1 COLLATE=latin1_swedish_ci;
/*!40101 SET character_set_client = @saved_cs_client */;

--
-- Dumping data for table `turnamen`
--

LOCK TABLES `turnamen` WRITE;
/*!40000 ALTER TABLE `turnamen` DISABLE KEYS */;
INSERT INTO `turnamen` VALUES ('202501','Turnamen Perbaikan Peringkat Pertama','Pertama','2025-02-24','2025-02-24','2025',1,'Selesai',0,NULL,NULL),('202502','Turnamen Perbaikan Peringkat Kedua','Kedua','2025-03-28','2025-03-28','2025',2,'Selesai',0,NULL,NULL),('202503','Turnamen Perbaikan Peringkat Ketiga','Ketiga','2025-05-02','2025-05-02','2025',3,'Selesai',0,NULL,NULL),('202504','Turnamen Perbaikan Peringkat Keempat','Keempat','2025-05-23','2025-05-23','2025',4,'Selesai',0,NULL,NULL),('202505','Turnamen Perbaikan Peringkat Kelima','Kelima','2025-06-20','2025-06-20','2025',5,'Selesai',0,'2025-05-26','2025-06-19'),('202506','Turnamen Perbaikan Peringkat Keenam','Keenam','2025-07-25','2025-07-25','2025',6,'Selesai',0,'2025-06-23','2025-07-24'),('202507','Turnamen Perbaikan Peringkat Ketujuh','Ketujuh','2025-08-15','2025-08-15','2025',7,'Buka',1,'2025-07-28','2025-08-14'),('202508','Turnamen Perbaikan Peringkat Kedelapan','Kedelapan','2025-08-29',NULL,'2025',8,'Tutup',0,NULL,NULL),('202509','Turnamen Perbaikan Peringkat Kesembilan','Kesembilan','2025-09-12',NULL,'2025',9,'Tutup',0,NULL,NULL),('202510','Turnamen Perbaikan Peringkat Kesepuluh','Kesepuluh','2025-10-10',NULL,'2025',10,'Tutup',0,NULL,NULL),('202511','Turnamen Perbaikan Peringkat Kesebelas','Kesebelas','2025-11-14',NULL,'2025',11,'Tutup',0,NULL,NULL),('202512','Turnamen Perbaikan Peringkat Kedua Belas','Kedua Belas','2025-12-12',NULL,'2025',12,'Tutup',0,NULL,NULL);
/*!40000 ALTER TABLE `turnamen` ENABLE KEYS */;
UNLOCK TABLES;
/*!40103 SET TIME_ZONE=@OLD_TIME_ZONE */;

/*!40101 SET SQL_MODE=@OLD_SQL_MODE */;
/*!40014 SET FOREIGN_KEY_CHECKS=@OLD_FOREIGN_KEY_CHECKS */;
/*!40014 SET UNIQUE_CHECKS=@OLD_UNIQUE_CHECKS */;
/*!40101 SET CHARACTER_SET_CLIENT=@OLD_CHARACTER_SET_CLIENT */;
/*!40101 SET CHARACTER_SET_RESULTS=@OLD_CHARACTER_SET_RESULTS */;
/*!40101 SET COLLATION_CONNECTION=@OLD_COLLATION_CONNECTION */;
/*!40111 SET SQL_NOTES=@OLD_SQL_NOTES */;

-- Dump completed on 2025-08-10 21:00:25
