{"noiseKey":{"private":{"type":"Buffer","data":"wNDF17jb4BnDbrq4noBfvoZYDxyCx++yAFfVhLdJwE0="},"public":{"type":"Buffer","data":"8Qx8r1VNJOBGFRP7WfY6aXB3cXmIq4iT282Ex6eu6lk="}},"pairingEphemeralKeyPair":{"private":{"type":"Buffer","data":"aHH8KxAiXO7Jrkl0V4BmG1Ph+TP8WaFXJ4FjxQWKY28="},"public":{"type":"Buffer","data":"WJB1iHxAqGyBqya1h2hyhQMNDv4GuByS5iRuoXvMfwU="}},"signedIdentityKey":{"private":{"type":"Buffer","data":"wL8aGA7cfvvrh4CKFpOKe0QZYy5optvJ6yPSpObyoGw="},"public":{"type":"Buffer","data":"33+6gxIloP7f3ZmUx4SSl3/keblS+wyJ+5B8f60ihhI="}},"signedPreKey":{"keyPair":{"private":{"type":"Buffer","data":"SEXEO77EPgIhc2vwblxgs8fwiORlCh4fIFE5e7LVh3g="},"public":{"type":"Buffer","data":"EYApKy2O0vHG9VtjhN6dZlFIVrMG9wIbOIpwXhQSkxA="}},"signature":{"type":"Buffer","data":"1krM5nvobiXhJPZsk44RN08EFlwSiZpWYYp5zXtk/RZwpla7Ob9iyxt9WjsN5scnDL8Jp6AsDHej65v4UTS9CQ=="},"keyId":1},"registrationId":75,"advSecretKey":"S4vonvFP6S1GMlAkk071M+P+ZtwHU0zf/8Yjrpz1Sho=","processedHistoryMessages":[],"nextPreKeyId":31,"firstUnuploadedPreKeyId":31,"accountSyncCounter":0,"accountSettings":{"unarchiveChats":false},"registered":false,"account":{"details":"CNrKvIEJEKXsx8cGGAEgACgA","accountSignatureKey":"colcVevNk/YvTJR2jIvT17v/o/dWtWO9RWlWN4Zr/gg=","accountSignature":"kXt8vbxuNChOj9Y14lCSuhZHXobelKGs21dAUtgPoVdX4SqIUAcX8gPNT2wdratCRtZiQTKFJ4gbutikWoN+hA==","deviceSignature":"H8iDkIzyWQDnRis0sEHyeQevGl3K71Of9yUCd3xXxa5ZCHJID7+rfBDO9w/UeRQ2woXFCtfajg6w17lu6deIAA=="},"me":{"id":"6281214955555:10@s.whatsapp.net","name":"JonesKepri","lid":"267963076763815:10@lid"},"signalIdentities":[{"identifier":{"name":"6281214955555:10@s.whatsapp.net","deviceId":0},"identifierKey":{"type":"Buffer","data":"BXKJXFXrzZP2L0yUdoyL09e7/6P3VrVjvUVpVjeGa/4I"}}],"platform":"smbi","routingInfo":{"type":"Buffer","data":"CAIIEg=="},"lastAccountSyncTimestamp":1760687656,"lastPropHash":"3R9Z39","myAppStateKeyId":"AAAAAMA4"}