{"_sessions":{"BXmJLYOs8Q4LWDP+0pojyRjN3Lm1u/bcAE56BJZ2O9lC":{"registrationId":413395460,"currentRatchet":{"ephemeralKeyPair":{"pubKey":"BZBMzeU9YhmKKd2QgAslub73iLG7W1LY4nHn5KgM6G0K","privKey":"sKg3j9eijoS/tzr8WHuOREM8DaaKnkwmURmeZZXkfGM="},"lastRemoteEphemeralKey":"BYy/0QnMdDAKRZwMGzxR5GJdXs8NhG9ldBk4Y0rV3exy","previousCounter":0,"rootKey":"1ovOoNRk/QK89EVU/BU3sbsPCYJIRizB+tP/pUH2PtY="},"indexInfo":{"baseKey":"BXmJLYOs8Q4LWDP+0pojyRjN3Lm1u/bcAE56BJZ2O9lC","baseKeyType":1,"closed":-1,"used":1760687713286,"created":1760687713286,"remoteIdentityKey":"BUkNcWirdX/MV52PzL+SYuoUlMOfNZ2sei8WOMOGy7Nn"},"_chains":{"BZBMzeU9YhmKKd2QgAslub73iLG7W1LY4nHn5KgM6G0K":{"chainKey":{"counter":0,"key":"3lYYbyWmiGW4GAbtQga4GqKP7JiPOPIlLud8IwF6YAo="},"chainType":1,"messageKeys":{}}},"pendingPreKey":{"signedKeyId":8,"baseKey":"BXmJLYOs8Q4LWDP+0pojyRjN3Lm1u/bcAE56BJZ2O9lC","preKeyId":2961638}}},"version":"v1"}