{"_sessions":{"Bce7n2Oz+KGy2hlaUvD7UQ7H+LLqz44bbQyguI983BZi":{"registrationId":883275368,"currentRatchet":{"ephemeralKeyPair":{"pubKey":"BdB52ZbBXz+Sx5th+GnsqpnH4j2hEDRUh2i1qhPK8U4z","privKey":"6MITxD+fM1mF0Xd52CMjy4qNtdVh7LPcW1r4SdsMUWU="},"lastRemoteEphemeralKey":"BcHNtT3GyWml5/7eC0IevR78LXFbvFLGN7Hu1ByAnldq","previousCounter":0,"rootKey":"9krib7n9qtRtcJw3BHjgN5wepc2UWpB0qf3HmMac3DM="},"indexInfo":{"baseKey":"Bce7n2Oz+KGy2hlaUvD7UQ7H+LLqz44bbQyguI983BZi","baseKeyType":1,"closed":-1,"used":1760687713301,"created":1760687713301,"remoteIdentityKey":"BXKJXFXrzZP2L0yUdoyL09e7/6P3VrVjvUVpVjeGa/4I"},"_chains":{"BdB52ZbBXz+Sx5th+GnsqpnH4j2hEDRUh2i1qhPK8U4z":{"chainKey":{"counter":0,"key":"Zo51sA9xRTi8SOMy29DdioOj7AK7GZvo7EeCk2ROKr8="},"chainType":1,"messageKeys":{}}},"pendingPreKey":{"signedKeyId":7863652,"baseKey":"Bce7n2Oz+KGy2hlaUvD7UQ7H+LLqz44bbQyguI983BZi","preKeyId":43559}}},"version":"v1"}