{"_sessions":{"BSv9G8uiAI9HiJagCCYkXB7kUtoxpYqZ47nJqDSecvlc":{"registrationId":415544872,"currentRatchet":{"ephemeralKeyPair":{"pubKey":"BWMQ+MaKoOttBOHLlFXvIkGY2lqcEmPQKlQ4kAUXBHg3","privKey":"2MTDu09ZQAI/M179QbYo69rZNBJFfOs+nB19VAP/8kU="},"lastRemoteEphemeralKey":"BaF4rVB8XADeqbZ6AMjKFcOAra3f8c/Ro3qbDmEnuytS","previousCounter":0,"rootKey":"Dh9TQnj51u1zd1lZwrJlKjVE9cAFQf80HMzKjB4jvDg="},"indexInfo":{"baseKey":"BSv9G8uiAI9HiJagCCYkXB7kUtoxpYqZ47nJqDSecvlc","baseKeyType":2,"closed":-1,"used":1760687684083,"created":1760687684083,"remoteIdentityKey":"BW2kj+6/K/erL9cOEoAErL85vLYGZZUcfaIw7zf1s0V7"},"_chains":{"BaF4rVB8XADeqbZ6AMjKFcOAra3f8c/Ro3qbDmEnuytS":{"chainKey":{"counter":0,"key":"X4t/WW3sIAU1bktZ5RW+GbTkE83XJ/UodfkuFjjiDHE="},"chainType":2,"messageKeys":{}},"BWMQ+MaKoOttBOHLlFXvIkGY2lqcEmPQKlQ4kAUXBHg3":{"chainKey":{"counter":0,"key":"eC9Am1rJKDvacyd/cS5wxzXnmOc/gvLw4iDyE+hKWb8="},"chainType":1,"messageKeys":{}}}}},"version":"v1"}