{"_sessions":{"BZLw3aVF5Q5//5sapc/xeZggSmq0hxyr6edpznI3x0oA":{"registrationId":1784711543,"currentRatchet":{"ephemeralKeyPair":{"pubKey":"BUHrbfMqXsReaC6TWd7RNuVgtT2VqwWuL7l/MWKxMq0n","privKey":"uAFDPuH3LUjz+/rjHcJetlWyaBpoiST6zt+C68ff+mI="},"lastRemoteEphemeralKey":"BQwAEi8Sm01ysL92sB2x2Tc1BDeCoiPAdfSBmdvJ9U0O","previousCounter":0,"rootKey":"ppi+MMH9Sp51zpWjfMf6JEtqHUEZ7yiF60uMNv6L4EA="},"indexInfo":{"baseKey":"BZLw3aVF5Q5//5sapc/xeZggSmq0hxyr6edpznI3x0oA","baseKeyType":2,"closed":-1,"used":1760687690228,"created":1760687690228,"remoteIdentityKey":"BRY7JwRWEv7DdKcqOB8wPQjybFnBhkqv5PUNNAobhysG"},"_chains":{"BQwAEi8Sm01ysL92sB2x2Tc1BDeCoiPAdfSBmdvJ9U0O":{"chainKey":{"counter":0,"key":"FCbHzP0BrgPaR8zbBA2kYj2xEBNNSAluciMgf14EGrM="},"chainType":2,"messageKeys":{}},"BUHrbfMqXsReaC6TWd7RNuVgtT2VqwWuL7l/MWKxMq0n":{"chainKey":{"counter":-1,"key":"/IZk5Wi1PJ8iTieDL+sbK5JIK7yF1Xd55lC8IlH9Q28="},"chainType":1,"messageKeys":{}}}}},"version":"v1"}