{"_sessions":{"BZELhwxXCzMLgduy86HPl774K7+Wzds7lDWGP/8Aa3cW":{"registrationId":883275368,"currentRatchet":{"ephemeralKeyPair":{"pubKey":"BTeMjHXAJFIVEgLZYCTZJq6ItiGX9I6w5giqVhFkKYt/","privKey":"uAtaa0iDuqb/TKxyfc0F5UwERIrbiqogO2en9Iv3hFQ="},"lastRemoteEphemeralKey":"BfVrNon6JcdbyCVNr8m5Ae1ZbDcxJnrhPBnCCV7Q8vJ8","previousCounter":0,"rootKey":"OoWogMfY9AshZXi7foDnn9T2MHWB7XXBO5nke9Bdk3k="},"indexInfo":{"baseKey":"BZELhwxXCzMLgduy86HPl774K7+Wzds7lDWGP/8Aa3cW","baseKeyType":2,"closed":-1,"used":1760687660986,"created":1760687660986,"remoteIdentityKey":"BXKJXFXrzZP2L0yUdoyL09e7/6P3VrVjvUVpVjeGa/4I"},"_chains":{"BfVrNon6JcdbyCVNr8m5Ae1ZbDcxJnrhPBnCCV7Q8vJ8":{"chainKey":{"counter":6,"key":"Cz5TCyTZOMNw1v5yCQZJcxTKYsO78tatX8+/Oddg0mE="},"chainType":2,"messageKeys":{}},"BTeMjHXAJFIVEgLZYCTZJq6ItiGX9I6w5giqVhFkKYt/":{"chainKey":{"counter":0,"key":"mPqEfoaAK2xFPaPGVRVhwcwpJs8kSX3bYi9DuzqeYHo="},"chainType":1,"messageKeys":{}}}}},"version":"v1"}