{"_sessions":{"BR1UexS3AcvdNfWF9TTAFzaNh6yDjSnOK59jTqzIwnEB":{"registrationId":75,"currentRatchet":{"ephemeralKeyPair":{"pubKey":"BXB/s1KZpiX7qjWnXLPWTwh00OHAii035xsvNxcXYo1T","privKey":"cN78Ol3TOZN5M/7Ny5lbJOqZ+G+1op+KbuUXrQuUzGU="},"lastRemoteEphemeralKey":"BRGAKSstjtLxxvVbY4TenWZRSFazBvcCGziKcF4UEpMQ","previousCounter":0,"rootKey":"pzdqH0vO/7Nql1XgIXpB+TnSrJ74QDkVnq2R0bs1VCE="},"indexInfo":{"baseKey":"BR1UexS3AcvdNfWF9TTAFzaNh6yDjSnOK59jTqzIwnEB","baseKeyType":1,"closed":-1,"used":1760687713308,"created":1760687713308,"remoteIdentityKey":"Bd9/uoMSJaD+392ZlMeEkpd/5Hm5UvsMifuQfH+tIoYS"},"_chains":{"BXB/s1KZpiX7qjWnXLPWTwh00OHAii035xsvNxcXYo1T":{"chainKey":{"counter":0,"key":"qC3CgsJAiaf4ESVfCD8shWjQk8owTttnlDWOcDl0UJ0="},"chainType":1,"messageKeys":{}}},"pendingPreKey":{"signedKeyId":1,"baseKey":"BR1UexS3AcvdNfWF9TTAFzaNh6yDjSnOK59jTqzIwnEB","preKeyId":10}}},"version":"v1"}