{"_sessions":{"BdOZHdKH8DgrSvQCIsm5ioCuJ/Vebgg5ZmiUN9U/hydw":{"registrationId":1181400339,"currentRatchet":{"ephemeralKeyPair":{"pubKey":"BRnVMwxiNECMhpa2f0vMnVqLwUQPa5yvmWxDtT8AeuMp","privKey":"IBIqdAu4bnrHjttppA46cRHLGn1PJQ3bBmit0kP75FA="},"lastRemoteEphemeralKey":"BfBNUnVnDPw/5CFT/H/00SYnSh9VDmlwQFYMQYFBumJV","previousCounter":0,"rootKey":"5hUPoWmtMD94rxGkWHQsBw+T3+EuDqR9OnB2OQdfNzI="},"indexInfo":{"baseKey":"BdOZHdKH8DgrSvQCIsm5ioCuJ/Vebgg5ZmiUN9U/hydw","baseKeyType":2,"closed":-1,"used":1760687658286,"created":1760687658286,"remoteIdentityKey":"BZOXH7Ph9rzDd3ecilK19Swj+aofczTzhDJFX8DCl/MT"},"_chains":{"BfBNUnVnDPw/5CFT/H/00SYnSh9VDmlwQFYMQYFBumJV":{"chainKey":{"counter":0,"key":"+VSnm1S9Zf5KEyoyvrwjSIGqc+pn14nDEpj+i+6Agbs="},"chainType":2,"messageKeys":{}},"BRnVMwxiNECMhpa2f0vMnVqLwUQPa5yvmWxDtT8AeuMp":{"chainKey":{"counter":-1,"key":"DZq8YRrj5dqT0WC42TpgS7kz1jSsI9iSxeEbrSPVTAA="},"chainType":1,"messageKeys":{}}}}},"version":"v1"}